n	11
puede	7
o	5
tu	4
lo	4
azul	3
considera	3
embargo	3
cuando	2
informaci	2
bater	2
so	2
si	2
no	2
as	2
d	2
s	2
agua	2
m	2
varios	2
emociones	2
manera	2
memoria	2
estrategias	2
todos	2
entre	2
utilizar	2
rendimiento	2
datos	2
ram	2
colores	2
siguientes	2
luz	2
cielo	2
generalmente	2
predominantemente	1
saludablemente	1
temporalmente	1
significativo	1
calentamiento	1
significados	1
sentimientos	1
recomendable	1
precauciones	1
interpretaci	1
innecesarios	1
inconsciente	1
experiencias	1
aplicaciones	1
turbulencia	1
smartphones	1
representar	1
prolongados	1
dispositivo	1
direcciones	1
dependiendo	1
vendedores	1
recomienda	1
purificaci	1
personales	1
importante	1
estudiante	1
diferentes	1
diferencia	1
confiables	1
computador	1
beneficios	1
verificar	1
simboliza	1
siguiente	1
seguridad	1
programas	1
principal	1
facilitar	1
emocional	1
dispersan	1
conectado	1
capacidad	1
atraviesa	1
asociadas	1
adecuadas	1
sistemas	1
renovaci	1
reflejar	1
realizar	1
rayleigh	1
proteger	1
procesos	1
personal	1
necesita	1
modernos	1
internet	1
incluyen	1
habitual	1
eliminar	1
dispersi	1
detienen	1
contexto	1
cargarlo	1
cargando	1
aprender	1
almacena	1
alcanzan	1
acciones	1
sistema	1
siempre	1
seguros	1
posible	1
pierden	1
permite	1
ofrecer	1
mejorar	1
llamado	1
incluye	1
hacerlo	1
generar	1
francia	1
ejecuci	1
efectos	1
durante	1
dejarlo	1
cultura	1
comprar	1
compone	1
celular	1
capital	1
ahorrar	1
afectar	1
variar	1
tienes	1
tienen	1
tareas	1
sitios	1
siendo	1
seguro	1
riesgo	1
random	1
quiere	1
python	1
memory	1
mejora	1
ligero	1
fraude	1
existe	1
evitar	1
estado	1
dinero	1
debido	1
correr	1
conexi	1
cambio	1
apagar	1
alerta	1
access	1
acceso	1
virus	1
toman	1
tener	1
tambi	1
sigue	1
sfera	1
salud	1
plazo	1
pasos	1
otros	1
noche	1
mejor	1
mayor	1
largo	1
https	1
gesti	1
flujo	1
estar	1
ellos	1
dejar	1
curso	1
culas	1
comer	1
causa	1
carga	1
calma	1
bajar	1
vida	1
toda	1
tipo	1
tico	1
tama	1
rese	1
podr	1
pido	1
peso	1
pago	1
odos	1
mico	1
meno	1
leer	1
ipv6	1
ipv4	1
hace	1
gato	1
como	1
clim	1
aire	1
ador	1
acad	1
web	1
vol	1
vez	1
vea	1
til	1
sue	1
sol	1
ser	1
seg	1
sea	1
per	1
par	1
mol	1
fen	1
cpu	1
atm	1
aqu	1
ya	1
da	1
ar	1
r	1
e	1
radica	1
