usa	4
s	4
o	3
m	3
as	3
n	2
bits	2
no	2
depende	2
haz	2
malwarebytes	1
innecesarias	1
electricidad	1
veterinario	1
presupuesto	1
direcciones	1
tutoriales	1
representa	1
obviamente	1
emociones	1
ejercicio	1
antivirus	1
limpieza	1
interior	1
dispersi	1
chatarra	1
animales	1
youtube	1
provoca	1
momento	1
funcion	1
estudia	1
comprar	1
tiempo	1
revisa	1
guarda	1
gratis	1
comida	1
buenas	1
aunque	1
aprend	1
afecta	1
tenga	1
tener	1
tambi	1
solar	1
sitio	1
sfera	1
salud	1
puede	1
menos	1
ltimo	1
grave	1
gasta	1
evita	1
energ	1
dieta	1
dicen	1
dejes	1
datos	1
cosas	1
calor	1
busca	1
ayuda	1
avast	1
valo	1
todo	1
solo	1
sequ	1
rese	1
pasa	1
nada	1
mago	1
ipv6	1
ipv4	1
como	1
come	1
agua	1
par	1
pan	1
luz	1
hay	1
est	1
eso	1
ese	1
atm	1
yo	1
tu	1
te	1
pc	1
me	1
ll	1
da	1
d	1
